22323905,33,AC,Rosenda,Rauscher,rrauscher,Accounting
22372304,55,HR,Lecia,Schmitt,lschmitt,Human Resources
22193613,49,MG,Junko,Cory,jcory,Management
22215899,55,HR,Filiberto,Juhasz,fjuhasz,Human Resources
22394205,33,AC,Latonya,Utz,lutz,Accounting
22363407,33,AC,Xenia,Lazaro,xlazaro,Accounting
22324206,55,HR,Tammy,Staab,tstaab,Human Resources
22452927,33,AC,Janey,Montrose,jmontrose,Accounting
22453642,55,HR,Willena,Borchardt,wborchardt,Human Resources
22508066,55,HR,Sydney,Ansari,sansari,Human Resources
22284767,55,HR,Danelle,Wayland,dwayland,Human Resources
22349983,33,AC,Salley,Paulk,spaulk,Accounting
22412736,55,HR,Shaneka,Yandell,syandell,Human Resources
22299115,51,SC,Eilene,Audia,eaudia,Security
22480318,49,MG,Refugia,Deltoro,rdeltoro,Management
22316015,33,AC,Floretta,Lafferty,flafferty,Accounting
22295394,55,HR,Debbra,Honea,dhonea,Human Resources
22374798,33,AC,Josefa,Jeanlouis,jjeanlouis,Accounting
22414162,49,MG,Cornell,Popovich,cpopovich,Management
22277789,40,JA,Carlita,Madera,cmadera,Janitorial
22239489,55,HR,Helena,Deckard,hdeckard,Human Resources
22266464,40,JA,Cayla,Methvin,cmethvin,Janitorial
22237617,55,HR,Milagros,Kong,mkong,Human Resources
22375952,55,HR,Haywood,Norton,hnorton,Human Resources
22535359,33,AC,Gidget,Pak,gpak,Accounting
22269088,33,AC,Stacee,Drew,sdrew,Accounting
22252238,55,HR,Bess,Abate,babate,Human Resources
22391653,55,HR,Cristy,Dorothy,cdorothy,Human Resources
22230830,33,AC,Royce,Rotunno,rrotunno,Accounting
22378944,55,HR,Bethel,Bowes,bbowes,Human Resources
22433376,49,MG,Monserrate,Oram,moram,Management
22313532,58,IT,India,Felix,ifelix,Information Technology
22303539,55,HR,Dawna,Torgeson,dtorgeson,Human Resources
22362190,55,HR,Yahaira,Swink,yswink,Human Resources
22526324,55,HR,Laure,Mcenaney,lmcenaney,Human Resources
22407231,49,MG,Antionette,Roehrig,aroehrig,Management
22404348,55,HR,Odelia,Bagby,obagby,Human Resources
22289104,55,HR,Guillermina,Lundy,glundy,Human Resources
22185922,55,HR,Adrienne,Kimbell,akimbell,Human Resources
22490162,55,HR,Eloisa,Nolan,enolan,Human Resources
22392562,49,MG,Lauren,Petersen,lpetersen,Management
22519505,58,IT,Rosalyn,Ostler,rostler,Information Technology
22400271,49,MG,Carlene,Poch,cpoch,Management
22258669,55,HR,Octavio,Whitmore,owhitmore,Human Resources
22397430,55,HR,Florentino,Waldron,fwaldron,Human Resources
22255758,33,AC,Fredric,Cage,fcage,Accounting
22373788,55,HR,Christene,Halliburton,challiburton,Human Resources
22280384,55,HR,Sharon,Habib,shabib,Human Resources
22373981,55,HR,Ethelene,Wnuk,ewnuk,Human Resources
22275889,55,HR,Mistie,Bothe,mbothe,Human Resources
22304210,55,HR,Lolita,Maxfield,lmaxfield,Human Resources
22365022,55,HR,Ethelene,Chapin,echapin,Human Resources
22342788,55,HR,Pansy,Bohr,pbohr,Human Resources
22449709,55,HR,Audrey,Brase,abrase,Human Resources
22314271,49,MG,Manual,Freedman,mfreedman,Management
22349005,55,HR,Almeta,Santacruz,asantacruz,Human Resources
22218432,55,HR,Kori,Magnuson,kmagnuson,Human Resources
22285122,55,HR,Larissa,Hampson,lhampson,Human Resources
22348190,55,HR,Ute,Dillard,udillard,Human Resources
22322846,33,AC,Marica,Mijangos,mmijangos,Accounting
22427279,33,AC,Marcella,Strahl,mstrahl,Accounting
22327596,55,HR,Sharyn,Hove,shove,Human Resources
22207727,49,MG,Shalon,Crabill,scrabill,Management
22483949,55,HR,Jacque,Briseno,jbriseno,Human Resources
22341120,49,MG,Coletta,Gillman,cgillman,Management
22294270,55,HR,Cecelia,Kreider,ckreider,Human Resources
22252541,51,SC,Kanesha,Oniel,koniel,Security
22441197,55,HR,Terrilyn,Hurtado,thurtado,Human Resources
22343728,55,HR,Marci,Westlake,mwestlake,Human Resources
22350736,33,AC,Sherice,Paneto,spaneto,Accounting
22344898,33,AC,Ricarda,Rencher,rrencher,Accounting
22459565,33,AC,Jama,Maltese,jmaltese,Accounting
22374667,33,AC,Leeanne,Fiore,lfiore,Accounting
22340305,55,HR,Latanya,Gatton,lgatton,Human Resources
22265970,33,AC,Daine,Jansky,djansky,Accounting
22406561,55,HR,Lala,Guzman,lguzman,Human Resources
22464780,55,HR,Keira,Bynoe,kbynoe,Human Resources
22481854,55,HR,Hae,Litle,hlitle,Human Resources
22228484,51,SC,Shantel,Widell,swidell,Security
22197402,55,HR,Travis,Broce,tbroce,Human Resources
22185723,49,MG,Oliver,Glessner,oglessner,Management
22326145,33,AC,Sharleen,Peru,speru,Accounting
22296223,49,MG,Raguel,Demaio,rdemaio,Management
22342770,55,HR,Christene,Hippert,chippert,Human Resources
22340989,55,HR,Nicolette,Remsen,nremsen,Human Resources
22471021,55,HR,Babara,Suh,bsuh,Human Resources
22279933,33,AC,Yolonda,Maitland,ymaitland,Accounting
22259072,55,HR,Halina,Byrnes,hbyrnes,Human Resources
22361012,55,HR,Tarra,Pollack,tpollack,Human Resources
22416798,33,AC,Pearle,Merwin,pmerwin,Accounting
22431373,33,AC,Chrissy,Colton,ccolton,Accounting
22419659,49,MG,Darline,Lark,dlark,Management
22182573,55,HR,Lynda,Mustard,lmustard,Human Resources
22349953,58,IT,Jade,Gunderson,jgunderson,Information Technology
22250706,55,HR,Jefferey,Kirst,jkirst,Human Resources
22410093,55,HR,Lue,Sly,lsly,Human Resources
22327839,55,HR,Nicolasa,Riess,nriess,Human Resources
22271296,55,HR,Sara,Engen,sengen,Human Resources
22544502,33,AC,Cleveland,Okelly,cokelly,Accounting
22338988,49,MG,Cherish,Sorrells,csorrells,Management
22267013,55,HR,Lynette,Skillern,lskillern,Human Resources
22294064,49,MG,Pam,Liz,pliz,Management
22378767,55,HR,Kiera,Bondurant,kbondurant,Human Resources
22419361,33,AC,Dorothy,Schnieders,dschnieders,Accounting
22468946,55,HR,Anthony,Butterfield,abutterfield,Human Resources
22230798,55,HR,Trisha,Schuett,tschuett,Human Resources
22528928,55,HR,Nanette,Propes,npropes,Human Resources
22397756,55,HR,Abram,Tatham,atatham,Human Resources
22342382,49,MG,Florencio,Yuhas,fyuhas,Management
22355156,49,MG,Vilma,Lige,vlige,Management
22287120,55,HR,Bernetta,Molton,bmolton,Human Resources
22326637,55,HR,Hyacinth,Nation,hnation,Human Resources
22307596,33,AC,Leena,Osorio,losorio,Accounting
22388738,55,HR,Danyelle,Tokar,dtokar,Human Resources
22255641,33,AC,Colene,Farner,cfarner,Accounting
22238005,55,HR,Elfriede,Solley,esolley,Human Resources
22300637,55,HR,Lanie,Skow,lskow,Human Resources
22229450,55,HR,Lucius,Abreu,labreu,Human Resources
22444755,33,AC,Maile,Delmonte,mdelmonte,Accounting
22387234,55,HR,Earle,Hoskins,ehoskins,Human Resources
22257090,33,AC,Joey,Alloway,jalloway,Accounting
22332243,55,HR,Kay,Fauver,kfauver,Human Resources
22233344,33,AC,Janna,Minick,jminick,Accounting
22343379,33,AC,Linnea,Lacayo,llacayo,Accounting
22359168,33,AC,Aurora,Montville,amontville,Accounting
22293409,33,AC,Denice,Mumper,dmumper,Accounting
22271231,49,MG,Leoma,Parshall,lparshall,Management
22360751,55,HR,Lyle,Brumbelow,lbrumbelow,Human Resources
22476191,33,AC,Mai,Amavisca,mamavisca,Accounting
22432910,33,AC,America,Doepke,adoepke,Accounting
22306976,58,IT,Jorge,Sergent,jsergent,Information Technology
22210801,33,AC,Dylan,Dunfee,ddunfee,Accounting
22313058,55,HR,Britta,Troupe,btroupe,Human Resources
22241231,55,HR,Bebe,Force,bforce,Human Resources
22348080,33,AC,Jenelle,Pleasants,jpleasants,Accounting
22472657,33,AC,Makeda,Pelton,mpelton,Accounting
22357998,49,MG,Charline,Jacob,cjacob,Management
22440748,33,AC,Collin,Ferry,cferry,Accounting
22342705,55,HR,Tambra,Melody,tmelody,Human Resources
22349793,33,AC,Christopher,Fargo,cfargo,Accounting
22314050,58,IT,Viki,Mera,vmera,Information Technology
22329490,55,HR,Faith,Vernon,fvernon,Human Resources
22357455,33,AC,Joane,Deel,jdeel,Accounting
22427536,40,JA,Camilla,Musso,cmusso,Janitorial
22331010,49,MG,Dalton,Loughran,dloughran,Management
22382270,33,AC,Paige,Delnero,pdelnero,Accounting
22217876,33,AC,Reyes,Layton,rlayton,Accounting
22399536,49,MG,Anissa,Cordon,acordon,Management
22493073,55,HR,Tyrone,Ruud,truud,Human Resources
22270290,33,AC,Oscar,Lomeli,olomeli,Accounting
22230119,33,AC,Daniel,Pietz,dpietz,Accounting
22360704,58,IT,Annette,Vasquez,avasquez,Information Technology
22271903,55,HR,Tonisha,Webb,twebb,Human Resources
22377010,55,HR,Danette,Huskey,dhuskey,Human Resources
22334401,55,HR,Byron,Sharper,bsharper,Human Resources
22497299,33,AC,Sade,Matthew,smatthew,Accounting
22498107,55,HR,Edythe,Zambrana,ezambrana,Human Resources
22374127,55,HR,Nettie,Strasser,nstrasser,Human Resources
22630404,55,HR,Tamie,Quesenberry,tquesenberry,Human Resources
22258883,55,HR,Myong,Beran,mberan,Human Resources
22350398,55,HR,Kristeen,Massa,kmassa,Human Resources
22420346,49,MG,Darell,Risko,drisko,Management
22366626,55,HR,Scottie,Benesh,sbenesh,Human Resources
22615760,58,IT,Illa,Friedel,ifriedel,Information Technology
22517166,55,HR,Jada,Werner,jwerner,Human Resources
22551585,55,HR,Ranae,Knaack,rknaack,Human Resources
22414273,55,HR,Tonya,Raab,traab,Human Resources
22388031,55,HR,Karl,Scherer,kscherer,Human Resources
22413528,49,MG,Antony,Copley,acopley,Management
22294095,55,HR,Lurlene,Zielinski,lzielinski,Human Resources
22344259,55,HR,Slyvia,Kates,skates,Human Resources
22388293,55,HR,Nell,Gosney,ngosney,Human Resources
22303212,49,MG,Lynwood,Dinkins,ldinkins,Management
22402277,55,HR,Hershel,Murchison,hmurchison,Human Resources
22335728,55,HR,Claire,Hibbs,chibbs,Human Resources
22347948,55,HR,Zulema,Mazzone,zmazzone,Human Resources
22308820,33,AC,Omega,Litz,olitz,Accounting
22402496,49,MG,Justa,Lague,jlague,Management
22352265,49,MG,Minnie,Fortner,mfortner,Management
22291659,33,AC,Rosio,Loth,rloth,Accounting
22210530,55,HR,Tyree,Cripe,tcripe,Human Resources
22295076,55,HR,Elba,Howey,ehowey,Human Resources
22343182,55,HR,Maisha,Evans,mevans,Human Resources
22374111,49,MG,Maragret,Rudisill,mrudisill,Management
22463315,33,AC,Marie,Sherwin,msherwin,Accounting
22329628,33,AC,Yuk,Demyan,ydemyan,Accounting
22559441,55,HR,Monet,Bogert,mbogert,Human Resources
22317487,55,HR,Zoe,Mancuso,zmancuso,Human Resources
22411422,49,MG,Shaunta,Cirilo,scirilo,Management
22442083,33,AC,Lesa,Filippone,lfilippone,Accounting
22218397,55,HR,Javier,Heywood,jheywood,Human Resources
22497124,55,HR,Larisa,Scurry,lscurry,Human Resources
22430597,49,MG,Larry,Phinney,lphinney,Management
22654422,49,MG,Anja,Fail,afail,Management
22213360,55,HR,Setsuko,Auguste,sauguste,Human Resources
22337551,49,MG,Cyndi,Alcantar,calcantar,Management
22297441,55,HR,Twanda,Fifer,tfifer,Human Resources
22358288,55,HR,Elinor,Couture,ecouture,Human Resources
22395998,55,HR,Theo,Grill,tgrill,Human Resources
22318943,33,AC,Marcelina,Stancill,mstancill,Accounting
